<?xml version="1.0" encoding="UTF-8"?>
<beans xmlns="http://www.springframework.org/schema/beans"
       xmlns:xsi="http://www.w3.org/2001/XMLSchema-instance"
       xmlns:context="http://www.springframework.org/schema/context"
       xsi:schemaLocation="http://www.springframework.org/schema/beans
            http://www.springframework.org/schema/beans/spring-beans.xsd
            http://www.springframework.org/schema/context
            http://www.springframework.org/schema/context/spring-context-3.0.xsd">


	<bean id="mysample" class="programs.Sample"></bean>
	
	<bean id="mystudent" class="programs.Student">
	<property name="name" value="ram"></property>
	<property name="age" value="24"></property>
	</bean>
	
	<bean id="mysim" class="programs.Sim"></bean>
	<bean id="mymobile" class="programs.Mobile">
	<property name="brand" value="samsung"></property>
	<property name="price" value="50000"></property>
	<property name="sim" ref="mysim"></property>
	</bean>
    

</beans>