<?xml version="1.0" encoding="UTF-8"?>
<beans xmlns="http://www.springframework.org/schema/beans"
       xmlns:xsi="http://www.w3.org/2001/XMLSchema-instance"
       xmlns:context="http://www.springframework.org/schema/context"
       xsi:schemaLocation="http://www.springframework.org/schema/beans
            http://www.springframework.org/schema/beans/spring-beans.xsd
            http://www.springframework.org/schema/context
            http://www.springframework.org/schema/context/spring-context-3.0.xsd">


	<bean id="myaddress" class="programs.Address">
	<constructor-arg name="city" value="banglore"></constructor-arg>
	<constructor-arg name="state" value="karnataka"></constructor-arg>
	</bean>
    
    <bean id="myperson" class="programs.Person">
    <constructor-arg name="name" value="suresh"></constructor-arg>
    <constructor-arg name="age" value="25"></constructor-arg>
    <constructor-arg name="address" ref="myaddress"></constructor-arg>
    </bean>

</beans>